Rank	                 Card Name	PWR	ADP	APR	Deals	Drafted	Plays	W-Hand	W-Play	WtdPWR	Elo/Play
1	                     Lover	5.31	1.55	8.87	780	779	722	302	290	4.54	5.20
2	            Basket Carrier	4.88	1.70	4.19	778	778	714	284	266	4.27	3.82
3	                   Cesspit	4.85	1.65	3.43	780	771	688	282	265	4.16	4.09
4	              Job Contract	4.81	1.33	1.30	752	751	714	262	253	4.23	3.71
5	                   Pioneer	4.81	2.19	2.17	751	744	660	270	253	4.05	3.08
6	                 Childless	4.70	1.45	3.18	781	773	714	269	257	4.30	4.95
7	                    Grocer	4.53	1.66	8.31	766	766	722	251	243	4.04	2.06
8	             Harvest House	4.44	2.01	8.89	727	723	658	240	226	3.94	2.70
9	              Brewery Pond	4.42	1.32	4.02	775	774	727	253	240	4.10	3.18
10	            Forest Clearer	4.38	1.24	1.74	756	756	741	235	232	4.11	2.63
11	               Melon Patch	4.35	2.45	8.00	782	772	703	254	238	3.90	2.35
12	                Swing Plow	4.29	1.45	9.06	796	793	732	253	239	3.95	2.79
13	               Full Farmer	4.26	2.70	10.43	755	747	597	251	225	3.71	2.31
14	           Forest Reviewer	4.20	1.40	1.48	769	767	733	234	226	3.90	2.00
15	              Field Fences	4.18	2.00	12.01	765	765	672	240	224	3.83	2.79
16	            Hardware Store	4.17	1.40	4.11	768	764	678	238	224	3.60	1.73
17	        Skillful Renovator	4.16	2.88	7.60	745	734	592	253	217	3.72	3.06
18	                 Furnisher	4.14	1.80	3.35	766	763	698	233	222	3.72	1.27
19	                 Pet Lover	4.11	1.68	3.33	758	757	713	228	218	3.86	2.33
20	                    Pavior	4.03	1.74	2.46	734	731	687	216	207	3.84	1.96
21	   Animal Husbandry Worker	4.02	2.62	5.77	725	720	617	218	204	3.60	2.53
22	             Milking Stool	4.00	2.21	10.43	789	785	631	255	221	3.56	1.72
23	                  Bookcase	3.99	1.45	4.33	763	763	743	219	213	3.68	0.49
24	                 Collector	3.98	1.97	6.35	769	755	606	244	214	3.51	2.71
25	                     Hewer	3.97	2.61	3.93	788	774	623	259	219	3.42	2.06
26	          Assistant Tiller	3.95	1.19	4.38	771	771	731	222	213	3.81	2.77
27	              House Artist	3.92	1.66	3.37	722	719	630	218	198	3.64	2.36
28	                Cultivator	3.92	1.74	4.96	784	784	693	237	215	3.72	2.08
29	               Grain Depot	3.91	2.48	6.90	746	727	675	219	204	3.73	1.56
30	                      Loom	3.90	2.27	9.40	748	746	632	231	204	3.49	1.07
31	                Cow Prince	3.89	1.94	13.45	735	729	531	223	200	3.51	3.77
32	                 Ash Trees	3.87	2.04	11.27	789	786	636	240	214	3.57	3.40
33	                   Lynchet	3.85	4.01	7.24	760	706	626	225	205	3.50	2.12
34	                 Reap Hook	3.84	2.10	5.92	733	725	684	213	197	3.67	0.87
35	           Education Bonus	3.83	3.06	7.10	728	713	614	218	195	3.46	0.82
36	                 Bookshelf	3.81	2.09	8.02	772	772	657	221	206	3.56	1.50
37	                    Slurry	3.80	3.55	8.63	755	723	641	218	201	3.42	0.36
38	              Task Artisan	3.79	2.26	3.45	772	771	678	225	205	3.67	1.55
39	             Claypit Owner	3.78	2.30	2.34	768	759	650	225	203	3.59	3.31
40	              Young Farmer	3.77	1.70	4.09	765	764	690	223	202	3.68	1.59
41	              Field Doctor	3.77	2.36	5.64	784	698	556	235	207	3.32	3.94
42	       Wooden Hut Extender	3.76	1.45	4.88	744	744	690	210	196	3.50	0.58
43	                  Bonehead	3.74	2.23	3.00	802	798	740	220	210	3.57	0.74
44	            Field Watchman	3.73	1.13	3.66	762	761	756	199	199	3.78	1.60
45	    Recreational Carpenter	3.71	1.87	4.36	797	790	656	235	207	3.45	2.69
46	              Muddy Waters	3.69	3.68	9.18	748	725	664	203	193	3.59	1.37
47	                 Cow Patty	3.69	3.96	12.20	766	727	520	240	198	3.17	2.35
48	             Wood Workshop	3.68	2.15	4.89	741	739	678	207	191	3.59	1.94
49	                Beer Stall	3.68	2.48	6.57	723	695	515	219	186	3.18	3.31
50	               Stallwright	3.68	2.52	4.21	818	808	744	223	211	3.65	1.23
51	             Wood Barterer	3.67	1.53	3.82	752	751	687	209	193	3.49	0.72
52	              Wood Carrier	3.65	2.35	12.06	735	725	587	209	188	3.41	1.22
53	               Canvas Sack	3.65	2.48	1.74	802	755	577	245	205	3.24	2.99
54	                   Crudité	3.65	2.84	7.97	731	708	591	211	187	3.32	1.25
55	                     Mason	3.64	2.35	12.56	780	775	557	229	199	3.23	3.27
56	              Shed Builder	3.63	2.61	7.19	775	748	604	230	197	3.28	2.10
57	              Special Food	3.62	2.88	6.13	774	757	617	229	196	3.42	1.56
58	             Carrot Museum	3.58	2.14	7.14	787	775	618	232	197	3.31	1.67
59	                   Trellis	3.58	2.35	8.71	791	786	719	213	198	3.55	1.32
60	          Champion Breeder	3.58	2.57	11.30	774	753	490	239	194	3.09	3.49
61	              Seed Almanac	3.57	2.18	8.76	716	707	562	209	179	3.23	1.10
62	            Writing Boards	3.57	3.47	11.47	756	746	570	227	189	3.25	2.08
63	               Briar Hedge	3.56	2.65	11.88	763	746	543	230	190	3.22	2.43
64	               Rammed Clay	3.54	1.49	6.82	719	717	701	179	178	3.73	1.60
65	         Kindling Gatherer	3.54	2.05	2.33	742	738	632	205	184	3.29	1.17
66	                 Mud Patch	3.53	3.44	7.61	774	750	701	207	191	3.48	0.93
67	           Charcoal Burner	3.52	2.32	2.57	776	771	694	209	191	3.54	2.52
68	                    Cottar	3.52	2.68	2.74	739	722	610	208	182	3.23	1.09
69	                Club House	3.50	3.60	6.75	722	692	586	209	177	3.26	1.68
70	             Clay Supports	3.49	1.38	6.24	769	766	658	218	188	3.31	0.91
71	                   Ox Goad	3.48	2.54	10.31	768	757	622	210	187	3.31	1.28
72	         Lord of the Manor	3.48	2.87	13.31	793	789	449	263	193	2.82	3.40
73	                Hand Truck	3.47	1.99	6.31	815	803	677	230	198	3.24	0.64
74	                  Ceilings	3.44	2.38	5.89	786	781	695	208	189	3.35	0.48
75	                  Beer Keg	3.43	2.89	8.89	709	658	446	225	170	3.00	3.53
76	                Wheel Plow	3.42	1.80	8.92	797	795	755	199	191	3.48	0.20
77	            Dolly's Mother	3.42	2.59	8.90	772	768	655	206	185	3.35	1.76
78	            Breed Registry	3.42	3.61	7.24	747	654	512	215	179	3.07	3.21
79	              Feed Pellets	3.42	3.90	7.95	778	740	645	200	186	3.26	0.79
80	             Market Master	3.40	2.66	1.86	768	746	623	210	183	3.13	1.07
81	             Lettuce Patch	3.40	3.04	10.01	756	749	599	203	180	3.22	1.63
82	               Plow Driver	3.39	2.89	9.71	768	737	551	226	182	3.06	1.69
83	              Writing Desk	3.39	3.24	7.78	768	738	593	213	182	3.12	1.01
84	            Waterlily Pond	3.39	3.42	6.19	779	759	621	218	185	3.20	1.55
85	               Chain Float	3.38	2.23	3.48	753	735	616	201	178	3.23	2.14
86	       Sample Stable Maker	3.38	2.81	6.69	764	744	508	221	181	2.95	3.17
87	            Moldboard Plow	3.37	1.85	7.45	755	748	689	187	178	3.32	0.80
88	                Wholesaler	3.37	2.82	10.27	734	730	574	204	173	3.13	1.03
89	           Artichoke Field	3.37	3.36	8.94	806	794	649	208	190	3.11	0.36
90	                      Wolf	3.36	2.38	8.14	739	736	633	192	174	3.32	0.83
91	              Mini Pasture	3.36	2.93	8.38	749	741	666	191	176	3.36	0.81
92	               Art Teacher	3.35	2.10	1.96	737	734	693	184	173	3.31	0.37
93	                Baseboards	3.34	3.69	10.20	804	769	644	215	188	3.24	1.51
94	           Stable Sergeant	3.33	3.02	12.94	717	709	553	203	167	3.09	0.95
95	                   Hauberg	3.33	3.22	9.54	755	742	496	222	176	2.89	3.14
96	                 Constable	3.32	3.22	5.16	711	697	492	212	165	2.97	1.93
97	                Steam Plow	3.31	3.46	9.08	811	754	611	218	188	2.96	1.06
98	      Family Friendly Home	3.30	2.13	5.79	749	724	556	216	173	3.00	1.49
99	                    Apiary	3.30	2.78	9.66	766	758	556	226	177	2.98	0.99
100	        Carpenter's Parlor	3.29	1.20	4.21	756	756	703	181	174	3.34	0.30
101	                 Barn Cats	3.28	4.12	9.24	785	723	541	211	180	3.00	2.30
102	                    Porter	3.27	2.88	3.29	729	700	534	208	167	3.08	2.53
103	                       Hod	3.27	3.08	7.54	782	764	681	202	179	3.36	0.77
104	            Wood Collector	3.26	2.92	4.35	745	730	588	199	170	3.17	1.51
105	        Newly-Plowed Field	3.26	3.69	11.41	797	765	546	223	182	2.93	2.58
106	                  Loam Pit	3.25	2.56	8.76	774	765	617	200	176	3.15	1.88
107	               Food Basket	3.25	3.32	10.71	730	703	613	188	166	3.30	0.90
108	              Plow Builder	3.24	2.68	7.75	741	725	591	191	168	3.10	0.70
109	           Potter Ceramics	3.23	2.43	5.13	779	763	689	192	176	3.15	-0.39
110	           Carpenter's Axe	3.21	2.41	5.98	711	703	631	178	160	3.12	-0.36
111	            Stable Planner	3.21	2.73	2.78	805	789	642	222	181	3.07	0.98
112	                 Reed Pond	3.21	3.38	8.26	787	766	591	211	177	3.00	1.73
113	             Mining Hammer	3.20	3.11	6.64	777	755	658	193	174	3.21	0.44
114	            Dung Collector	3.20	3.19	10.99	813	780	540	225	182	2.98	3.26
115	               Roof Ladder	3.20	3.37	7.50	786	767	598	214	176	2.95	0.60
116	                 Cordmaker	3.18	1.86	2.25	813	812	738	200	181	3.29	0.59
117	        Wooden Whey Bucket	3.18	2.33	7.50	791	785	679	193	176	3.11	-0.14
118	          Food Distributor	3.18	4.08	11.68	759	707	539	208	169	3.03	1.68
119	                Earth Oven	3.17	3.21	9.42	798	776	592	220	177	3.03	1.87
120	           Scrap Collector	3.16	3.00	3.37	727	720	563	195	161	2.97	0.80
121	         Wood Slide Hammer	3.15	2.16	10.34	763	737	546	205	168	2.95	1.46
122	             Chimney Sweep	3.15	3.67	12.13	812	797	505	238	179	2.82	2.72
123	            Wares Salesman	3.14	3.17	4.15	768	738	539	219	169	2.90	1.39
124	              Overachiever	3.14	3.18	6.13	738	699	445	229	162	2.70	1.75
125	          Winter Caretaker	3.13	3.41	8.44	795	765	616	209	174	2.97	0.19
126	                Omnifarmer	3.12	3.05	9.36	764	749	489	215	167	2.83	2.40
127	                Beer Table	3.11	1.61	5.61	739	733	616	192	161	3.13	-0.83
128	                    Patron	3.10	3.02	1.95	797	762	666	207	173	3.08	0.87
129	                 Stone Axe	3.09	2.32	8.36	759	754	609	195	164	2.97	-0.20
130	             House Steward	3.09	3.35	4.55	814	795	606	219	176	2.99	1.23
131	                 Beanfield	3.09	4.00	10.03	796	761	584	209	172	2.90	1.52
132	            Alchemists Lab	3.09	4.23	10.26	767	731	549	204	166	2.91	1.61
133	            Turnwrest Plow	3.08	2.00	9.11	779	773	674	193	168	3.04	0.64
134	               Beating Rod	3.08	4.49	8.29	757	696	556	199	163	2.89	0.79
135	              Animal Reeve	3.07	2.69	6.76	759	745	518	223	163	2.85	1.07
136	           Animal Activist	3.07	3.39	4.33	762	738	532	210	164	2.89	1.63
137	                   Tumbrel	3.07	3.93	6.87	786	733	614	196	169	2.99	1.15
138	            Animal Teacher	3.06	3.02	4.28	830	799	671	208	178	3.00	-0.08
139	              Hedge Keeper	3.05	3.21	8.25	782	768	561	211	167	2.79	2.02
140	   Excursion to the Quarry	3.05	4.35	10.83	744	694	449	213	159	2.76	2.92
141	                Wood Field	3.04	3.72	7.99	734	710	576	191	156	2.98	1.11
142	              Treegardener	3.03	2.79	5.35	777	767	588	211	165	2.90	0.63
143	           Field Caretaker	3.03	3.01	7.65	812	795	666	204	172	3.01	-0.44
144	                 Pig Owner	3.03	3.99	13.03	725	700	376	208	154	2.55	3.52
145	                 Wood Cart	3.02	1.79	7.37	775	774	647	190	164	2.95	-0.52
146	                Plow Maker	3.02	2.67	7.89	784	769	666	193	166	3.02	0.18
147	                 Tea House	3.01	3.40	8.96	782	756	625	186	165	2.96	0.34
148	                    Credit	3.00	4.27	8.28	762	674	558	197	160	2.95	0.48
149	           Private Teacher	2.99	1.86	1.75	735	731	692	159	154	3.09	-1.27
150	                Sour Dough	2.99	3.90	10.91	745	704	467	212	156	2.64	1.68
151	               Forest Plow	2.98	2.37	7.34	734	711	619	171	153	2.96	-0.56
152	                 Confidant	2.98	3.25	10.36	763	746	516	212	159	2.78	0.91
153	                Contraband	2.97	3.28	3.97	751	681	556	182	156	2.78	1.00
154	                  Bookmark	2.96	3.05	5.04	747	733	611	181	155	3.00	-0.19
155	   Gardening Head Official	2.95	3.62	4.49	800	771	536	224	165	2.71	1.16
156	             Retail Dealer	2.94	2.50	3.07	782	770	640	191	161	3.00	0.67
157	                  Milk Jug	2.93	3.49	9.44	693	676	560	174	142	2.93	-0.12
158	      Shifting Cultivation	2.93	4.57	10.32	756	697	574	181	155	2.89	0.95
159	                 Blueprint	2.92	2.71	5.07	787	767	617	193	161	2.74	-0.39
160	                Feed Fence	2.92	3.26	6.22	792	764	608	208	162	2.76	0.97
161	                 Excavator	2.91	1.80	2.10	756	746	594	185	154	2.82	0.27
162	                   Pickler	2.91	3.53	5.36	737	710	491	201	150	2.65	1.46
163	          Reclamation Plow	2.91	3.67	8.57	761	723	607	178	155	2.83	-0.33
164	                  Handplow	2.90	3.31	6.02	799	774	679	193	162	2.92	-0.21
165	              Drill Harrow	2.90	3.70	8.49	768	681	544	187	156	2.75	0.46
166	                 Wood Rake	2.90	4.42	10.84	735	678	442	189	149	2.55	1.51
167	           Sleeping Corner	2.89	2.03	10.34	762	757	549	199	154	2.85	1.00
168	               Clay Supply	2.89	3.41	4.59	772	743	622	184	156	2.90	-0.48
169	               Paper Knife	2.89	4.46	5.88	732	680	561	181	148	2.83	0.16
170	              Site Manager	2.88	3.96	8.74	794	770	501	226	160	2.59	1.75
171	             Muddy Puddles	2.86	2.75	10.11	753	746	589	188	151	2.81	0.28
172	          Vegetable Vendor	2.86	3.16	5.25	710	680	481	193	142	2.58	-0.03
173	           Master Huntsman	2.86	3.64	5.49	770	725	497	223	154	2.66	-0.13
174	                    Twibil	2.85	2.88	4.66	848	833	694	197	169	2.95	0.53
175	                   Plowman	2.85	2.94	2.90	793	771	655	184	158	2.98	0.85
176	           Furniture Maker	2.84	3.33	2.62	765	710	591	183	152	2.82	0.10
177	             Barrow Pusher	2.83	2.71	4.95	738	733	568	175	146	2.84	0.93
178	                 Iron Oven	2.83	2.84	10.16	758	740	515	193	150	2.65	1.34
179	          Sculpture Course	2.83	2.87	4.23	767	687	503	191	152	2.67	1.23
180	                 Nest Site	2.83	3.80	4.00	746	676	520	183	148	2.73	1.91
181	                 Barn Shed	2.82	2.69	7.70	744	729	549	185	147	2.74	0.89
182	        Basketmaker's Wife	2.82	3.70	6.00	694	656	472	201	137	2.65	1.37
183	       Crop Rotation Field	2.81	3.96	7.20	774	735	645	168	152	2.91	0.20
184	                Pet Broker	2.81	3.99	7.47	784	761	552	204	154	2.66	-0.13
185	                      Wage	2.81	4.88	8.18	772	681	597	171	152	2.81	0.32
186	      Little Stick Knitter	2.80	2.30	5.28	782	773	533	207	153	2.67	1.72
187	                    Trowel	2.79	3.14	9.46	815	800	624	196	159	2.74	-0.14
188	              New Purchase	2.78	4.52	7.29	740	605	504	173	144	2.67	1.00
189	                 Lazybones	2.77	2.31	4.26	800	791	676	187	155	2.96	0.35
190	            Stable Cleaner	2.76	3.19	8.89	775	753	507	187	150	2.53	0.99
191	                 Land Heir	2.76	3.28	3.03	744	718	533	185	144	2.75	1.03
192	               Nail Basket	2.76	4.03	9.81	787	727	538	187	152	2.65	0.93
193	        Small-scale Farmer	2.75	3.77	1.29	804	668	512	192	155	2.49	1.59
194	Stone House Reconstruction	2.74	3.82	10.46	699	679	490	178	134	2.56	0.15
195	              Christianity	2.74	4.54	10.05	788	709	524	188	151	2.62	1.16
196	                  Haydryer	2.73	3.18	10.64	749	734	488	194	143	2.68	0.69
197	              Forest Stone	2.73	3.80	7.33	759	725	599	176	145	2.74	-0.45
198	                   Granary	2.73	4.03	7.09	775	650	482	183	148	2.55	2.23
199	            Sheep Provider	2.72	3.32	5.46	792	776	585	198	151	2.77	1.23
200	             Ranch Provost	2.72	3.65	5.16	830	791	553	214	158	2.70	1.42
201	                      Nave	2.71	3.34	12.61	786	757	470	201	149	2.42	0.77
202	            Cherry Orchard	2.71	3.69	5.96	727	703	592	163	138	2.82	0.03
203	       Maintenance Premium	2.71	4.15	7.09	732	676	552	163	139	2.75	1.03
204	                 Plow Hero	2.70	3.69	8.25	758	702	515	196	143	2.54	1.03
205	              Chick Stable	2.70	3.70	5.41	772	735	642	167	146	2.91	-1.18
206	                     Hutch	2.70	4.00	6.98	698	653	455	179	132	2.57	1.32
207	              Value Assets	2.69	4.35	6.60	759	694	594	177	143	2.85	0.42
208	          Tree Farm Joiner	2.68	3.26	4.22	799	782	554	200	150	2.63	0.63
209	                 Stockyard	2.67	2.91	7.72	707	691	561	166	132	2.74	-1.32
210	        Shepherd's Whistle	2.67	3.38	6.97	748	705	552	190	140	2.69	-0.35
211	              Animal Tamer	2.67	3.69	7.58	744	727	541	180	139	2.65	0.82
212	                 Cubbyhole	2.66	3.64	5.61	783	694	495	196	146	2.42	0.55
213	           Agrarian Fences	2.66	3.83	7.67	737	694	587	171	137	2.84	0.13
214	             Basket Weaver	2.64	3.55	7.18	737	722	491	181	136	2.45	0.22
215	            Stone Sculptor	2.62	4.22	6.95	741	668	397	189	136	2.27	1.78
216	               Dairy Crier	2.61	4.11	11.87	740	710	502	185	135	2.55	-0.35
217	                   Saddler	2.60	3.15	5.59	807	772	578	182	147	2.53	-0.58
218	              Throwing Axe	2.60	3.50	8.48	776	751	588	189	141	2.68	-0.32
219	           Sleight of Hand	2.60	4.26	11.16	781	735	484	202	142	2.47	0.96
220	               Water Gully	2.59	3.64	9.81	783	725	389	210	142	2.27	2.83
221	          Clay Hut Builder	2.59	3.75	6.83	777	746	467	204	141	2.31	0.85
222	           Open Air Farmer	2.59	3.84	7.48	795	690	526	190	144	2.55	1.22
223	             Greening Plan	2.59	4.21	12.48	783	672	381	200	142	2.21	3.07
224	                  Acquirer	2.57	3.13	2.84	785	686	425	214	141	2.32	0.77
225	                    Scales	2.55	2.35	1.57	780	732	609	168	139	2.64	-0.35
226	                   Bucksaw	2.55	3.79	7.51	817	747	581	183	146	2.52	-1.09
227	                Fir Cutter	2.54	3.24	8.06	817	784	533	202	145	2.43	-0.13
228	              Butter Churn	2.54	3.86	7.09	771	732	585	165	137	2.66	-0.34
229	                   Trident	2.54	4.37	8.95	765	717	558	182	136	2.60	0.23
230	        Oriental Fireplace	2.52	2.61	7.49	748	738	605	162	132	2.76	-0.67
231	          Adoptive Parents	2.52	4.59	7.44	771	696	461	196	136	2.33	1.15
232	            Private Forest	2.51	3.41	2.88	768	696	530	168	135	2.50	0.88
233	            Drudgery Reeve	2.51	3.68	4.32	786	751	490	199	138	2.38	0.21
234	              Veggie Lover	2.51	3.83	11.63	808	774	441	205	142	2.22	1.02
235	      Night-School Student	2.51	4.10	4.30	729	652	392	184	128	2.20	1.47
236	                   Mattock	2.50	3.17	4.48	776	742	593	173	136	2.53	-1.06
237	             Shoreforester	2.50	3.62	2.60	783	726	564	179	137	2.54	-0.28
238	                  Overhaul	2.49	4.67	12.53	779	695	472	180	136	2.35	1.17
239	          Reed-Hatted Toad	2.48	2.83	1.73	744	714	554	160	129	2.55	0.46
240	                 Hawktower	2.48	2.94	6.31	731	687	503	171	127	2.51	-0.58
241	                Homekeeper	2.47	3.07	9.57	740	710	449	184	128	2.41	0.77
242	               Elder Baker	2.47	3.34	6.10	687	624	424	162	119	2.35	0.08
243	              Mud Wallower	2.47	3.51	2.95	780	712	493	186	135	2.40	0.45
244	               Pipe Smoker	2.47	3.66	7.01	803	776	469	201	139	2.25	1.32
245	               Lumber Mill	2.47	3.94	6.69	791	683	480	181	137	2.28	1.26
246	               Forest Well	2.47	4.08	8.42	758	702	503	164	131	2.50	1.15
247	               Beneficiary	2.47	4.12	7.00	762	693	505	179	132	2.47	0.01
248	             Junior Artist	2.46	2.40	1.98	733	697	528	174	126	2.33	-1.22
249	               Supply Boat	2.46	3.78	7.69	738	664	549	158	127	2.50	-0.47
250	                 Mole Plow	2.45	3.02	10.12	776	718	568	163	133	2.52	0.15
251	                   Sundial	2.44	3.41	6.07	755	690	471	166	129	2.45	1.20
252	               Wood Expert	2.44	3.44	4.45	773	740	553	171	132	2.53	-0.49
253	             Land Register	2.42	4.21	10.35	792	747	473	187	134	2.28	1.01
254	               Stable Tree	2.41	3.18	5.10	771	694	487	178	130	2.37	0.60
255	                  Firewood	2.41	3.30	2.73	775	697	483	166	131	2.31	0.78
256	                 Storeroom	2.41	3.79	12.86	766	708	361	200	129	2.17	3.00
257	                Upholstery	2.41	4.74	7.08	753	622	514	156	127	2.47	-0.78
258	            Animal Catcher	2.39	2.83	10.32	753	741	495	178	126	2.43	0.68
259	                    Priest	2.39	3.79	6.31	759	663	400	198	127	2.22	1.87
260	              Game Catcher	2.39	3.97	13.48	766	741	463	190	128	2.38	1.74
261	             Estate Worker	2.39	4.18	3.91	746	685	446	181	125	2.31	0.19
262	              Seed Pellets	2.39	4.25	10.62	764	684	429	185	128	2.22	1.22
263	               Wild Greens	2.39	4.52	7.60	777	683	579	157	130	2.55	-0.21
264	       Store of Experience	2.38	5.40	7.44	755	568	457	150	126	2.35	0.95
265	               Den Builder	2.37	2.85	8.80	776	763	444	180	129	2.19	-0.10
266	                 Bunk Beds	2.37	3.14	11.03	777	750	450	193	129	2.22	0.91
267	                     Buyer	2.37	3.23	6.66	736	719	485	174	122	2.31	-0.63
268	               Clay Warden	2.37	3.49	2.10	770	724	528	171	128	2.41	0.93
269	                  Pond Hut	2.37	3.70	6.08	802	750	581	170	133	2.57	0.17
270	                    Studio	2.37	3.91	8.09	776	717	521	171	129	2.41	1.07
271	               Gift Basket	2.37	4.76	11.15	771	658	403	190	128	2.13	1.20
272	                 Sheep Rug	2.36	3.43	10.30	743	707	417	195	123	2.36	2.60
273	            Hammer Crusher	2.36	3.44	8.79	756	711	496	184	125	2.28	-1.00
274	              Profiteering	2.35	4.52	6.09	754	605	525	144	124	2.41	0.85
275	          Artisan District	2.34	4.06	12.65	733	660	361	177	120	2.04	1.36
276	                    Kettle	2.33	3.19	9.61	729	662	417	171	119	2.29	1.06
277	                Raised Bed	2.33	3.33	10.03	761	725	456	177	124	2.29	1.39
278	       Straw-Thatched Roof	2.33	3.64	9.12	766	678	387	167	125	2.11	2.44
279	          Double-Turn Plow	2.32	2.88	3.42	782	721	530	169	127	2.36	0.14
280	                Bricklayer	2.32	3.16	4.43	757	733	517	173	123	2.32	-0.53
281	               Conservator	2.31	3.51	11.09	772	749	497	176	125	2.33	0.68
282	                Pole Barns	2.31	4.35	13.24	753	677	376	182	122	2.15	3.51
283	                   Bottles	2.30	4.26	9.81	790	722	430	200	127	2.19	2.52
284	                   Ebonist	2.29	3.35	5.44	774	727	550	160	124	2.44	-0.32
285	                 Roman Pot	2.29	5.08	8.64	773	645	477	165	124	2.23	-0.19
286	        Seaweed Fertilizer	2.28	4.15	9.23	752	688	504	152	120	2.40	0.22
287	              Fodder Beets	2.28	4.61	11.24	740	655	429	154	118	2.38	2.65
288	                Retraining	2.28	5.35	10.14	747	555	349	165	119	2.01	2.10
289	           Diligent Farmer	2.27	4.14	13.37	755	697	257	210	120	1.81	5.72
290	    Bed in the Grain Field	2.26	3.06	8.78	753	721	407	177	119	2.15	1.87
291	            Roof Ballaster	2.26	3.85	11.72	796	773	335	208	126	1.96	3.66
292	            Rod Collection	2.25	4.91	10.73	736	606	416	155	116	2.17	0.59
293	                     Flail	2.23	4.11	6.91	761	689	524	160	119	2.33	-0.76
294	              Market Stall	2.23	4.30	6.45	768	468	357	148	120	2.07	3.83
295	            Truffle Slicer	2.23	4.50	9.84	801	719	404	185	125	2.01	1.00
296	           Village Peasant	2.23	4.63	13.16	742	675	367	196	116	1.94	-0.69
297	          Strawberry Patch	2.22	4.46	12.65	810	751	358	200	126	2.05	4.64
298	                  Claypipe	2.21	4.15	7.40	755	671	478	155	117	2.12	-1.04
299	               Work Permit	2.20	3.80	3.55	774	727	475	185	119	2.20	0.25
300	          Clay Deliveryman	2.19	3.99	5.34	789	742	437	181	121	2.08	0.75
301	             Potato Digger	2.19	4.37	11.50	751	677	345	197	115	2.01	4.50
302	             Large Pottery	2.18	2.96	10.24	760	737	455	181	116	2.17	0.29
303	                    Stable	2.18	5.15	8.92	715	593	460	138	109	2.23	0.50
304	           Seasonal Worker	2.17	2.57	4.30	789	756	519	165	120	2.18	0.13
305	                    Scythe	2.17	4.18	8.13	745	676	446	163	113	2.03	-1.18
306	          Shepherd's Crook	2.16	4.80	8.58	749	611	447	151	113	2.15	1.08
307	              Fruit Ladder	2.15	4.22	4.44	776	637	479	151	117	2.23	1.12
308	              Small Basket	2.15	4.37	8.13	758	645	478	166	114	2.24	0.34
309	             Zigzag Harrow	2.15	4.74	12.03	812	667	376	180	122	1.90	1.61
310	      Three-Field Rotation	2.15	4.90	10.51	776	683	427	173	117	2.03	1.18
311	              Water Worker	2.14	2.70	2.60	775	749	546	157	116	2.25	0.00
312	                 Straw Hat	2.14	2.73	2.34	742	697	530	137	111	2.34	-0.04
313	               Wood Cutter	2.14	2.85	3.06	795	775	614	150	119	2.31	-1.11
314	           Mayor Candidate	2.14	4.10	5.59	760	673	459	178	114	2.26	-1.13
315	            Master Builder	2.14	4.81	13.19	789	634	307	183	118	1.85	3.73
316	                Night Loot	2.14	5.09	8.64	749	601	426	155	112	2.16	0.36
317	                      Stew	2.13	2.90	4.66	779	680	460	167	116	2.14	0.96
318	       Half-Timbered House	2.13	3.51	13.36	739	699	311	170	110	1.86	2.39
319	                 Junk Room	2.13	3.97	5.16	812	702	598	149	121	2.31	-1.01
320	        Established Person	2.12	3.68	4.85	747	634	415	169	111	2.06	0.04
321	             Fellow Grazer	2.12	4.48	13.31	747	656	368	193	111	2.08	1.42
322	                Fern Seeds	2.12	5.02	12.04	729	627	357	168	108	2.00	1.88
323	          Small Greenhouse	2.11	3.76	6.29	730	645	434	149	108	2.10	0.56
324	               Child's Toy	2.11	4.18	6.51	745	667	551	139	110	2.42	-1.07
325	              Trap Builder	2.09	2.87	2.97	737	671	433	156	108	2.10	0.90
326	                Remodeling	2.09	5.08	10.70	815	624	402	174	119	1.98	0.21
327	                Boar Spear	2.08	3.81	8.06	748	696	479	148	109	2.14	-0.42
328	                   Dentist	2.07	3.59	3.67	725	660	447	159	105	2.18	1.12
329	                Paintbrush	2.07	4.41	10.17	780	707	372	189	113	1.98	2.02
330	             Baking Course	2.07	4.56	7.74	788	605	438	155	114	1.97	-0.71
331	                 Harpooner	2.06	2.58	3.52	768	753	582	141	111	2.37	-0.97
332	                Piggy Bank	2.06	4.29	3.57	768	586	426	153	111	1.96	0.32
333	               Foreign Aid	2.06	4.72	5.46	797	581	392	167	115	1.93	0.73
334	                  Conjurer	2.05	3.46	3.30	765	683	434	150	110	1.99	1.19
335	                Farm Store	2.05	4.20	7.35	794	695	451	166	114	2.01	0.25
336	               Lumber Pile	2.05	4.43	10.24	726	587	402	151	104	1.98	0.11
337	                     Tutor	2.05	4.60	2.75	725	523	374	133	104	1.93	1.21
338	         Upscale Lifestyle	2.04	3.86	7.79	772	726	489	161	110	2.08	-1.38
339	                 Patroness	2.04	4.06	2.17	790	641	478	146	113	2.13	-1.25
340	                 Sack Cart	2.03	3.86	6.28	754	632	427	145	107	2.04	0.62
341	            Organic Farmer	2.03	4.62	13.18	754	680	273	192	107	1.70	2.80
342	                   Collier	2.02	2.57	2.11	741	728	589	149	105	2.40	-1.92
343	                Stone Weir	2.02	3.81	8.62	734	680	523	127	104	2.22	-1.21
344	                 Syrup Tap	2.02	3.84	6.87	791	733	527	164	112	2.11	-1.24
345	          Horse-Drawn Boat	2.01	3.86	7.43	797	721	427	174	112	1.98	0.61
346	             Debt Security	2.01	5.43	11.92	790	551	327	170	111	1.78	2.14
347	           Stock Protector	2.00	3.90	9.12	759	732	478	159	106	2.12	-0.11
348	              Chicken Coop	2.00	3.96	6.11	751	665	481	147	105	2.14	-0.14
349	                  Stockman	2.00	4.20	9.16	799	749	438	176	112	1.99	-0.62
350	            Farmers Market	2.00	5.23	10.16	720	543	383	144	101	1.98	0.10
351	        Fatstock Stretcher	1.99	3.46	6.74	745	692	532	138	104	2.28	-1.13
352	                  Chairman	1.98	3.53	1.88	781	722	568	138	108	2.26	-0.22
353	            Swimming Class	1.98	4.25	8.32	765	648	416	150	106	2.00	0.82
354	                 Chophouse	1.98	4.30	6.82	758	621	467	134	105	2.03	-0.27
355	          Museum Caretaker	1.97	4.08	7.45	754	694	303	192	104	1.78	3.38
356	               Simple Oven	1.97	4.67	10.48	755	630	359	150	104	1.84	1.37
357	                   Prophet	1.96	3.79	11.91	772	752	410	176	106	1.98	0.62
358	                  Ambition	1.96	4.32	7.60	737	636	477	143	101	2.16	-0.26
359	          Potato Harvester	1.95	4.90	8.41	777	679	387	172	106	1.93	2.14
360	             Stone Company	1.94	4.05	8.07	743	647	395	157	101	1.82	-1.32
361	                 Carpenter	1.93	3.25	4.31	770	737	499	149	104	2.06	-0.39
362	                   Seducer	1.93	4.07	9.22	740	664	306	184	100	1.71	2.12
363	               Seed Trader	1.93	4.91	10.33	785	649	392	172	106	1.85	-0.34
364	            Mineral Feeder	1.93	4.97	9.21	771	587	375	148	104	1.83	1.24
365	                  Beer Tap	1.92	4.90	7.26	775	596	453	141	104	1.97	-0.49
366	                   Archway	1.91	3.65	2.71	777	555	383	143	104	1.83	1.53
367	                   Midwife	1.91	3.80	5.97	727	669	437	156	97	2.06	-0.52
368	            Animal Bedding	1.91	4.80	12.00	734	642	384	138	98	1.97	0.75
369	                   Scholar	1.90	4.13	8.44	750	631	293	178	100	1.70	1.68
370	             Scythe Worker	1.90	4.41	8.10	761	670	407	155	101	1.91	-0.04
371	                    Carter	1.90	4.74	8.26	722	633	273	189	96	1.69	3.67
372	                 Town Hall	1.90	4.75	10.40	797	652	371	171	106	1.77	1.00
373	            Delivery Nurse	1.89	3.77	10.69	777	736	353	181	103	1.87	2.04
374	                Sheep Well	1.89	5.15	11.29	786	622	352	158	104	1.78	1.57
375	           Forest Lake Hut	1.88	3.71	6.85	769	714	532	141	101	2.11	-1.09
376	           Threshing Board	1.88	4.27	9.94	777	675	448	160	102	1.94	-1.09
377	               Thunderbolt	1.88	5.02	11.28	746	596	323	166	98	1.78	2.22
378	               Stonecutter	1.87	3.87	5.70	772	738	425	160	101	1.81	-0.74
379	                   Shelter	1.87	5.55	11.72	785	563	322	143	103	1.74	2.39
380	       Brushwood Collector	1.86	2.63	4.08	768	747	535	132	100	2.14	-0.63
381	          Wildlife Reserve	1.86	4.40	9.66	791	723	442	173	103	1.91	0.13
382	                  Equipper	1.85	4.00	3.55	773	691	435	153	100	1.82	-0.57
383	         Master Bricklayer	1.85	4.45	8.25	789	703	322	183	102	1.66	2.30
384	               Paper Maker	1.85	4.75	5.42	758	622	348	148	98	1.74	0.12
385	                Portmonger	1.84	3.34	3.29	754	696	490	157	97	1.97	-1.07
386	                  Reseller	1.84	4.68	8.11	760	682	301	185	98	1.58	1.09
387	             Bale of Straw	1.84	5.23	8.00	807	599	432	137	104	1.88	0.84
388	         Storehouse Keeper	1.83	3.39	3.23	771	708	463	153	99	1.90	-0.84
389	               Seed Seller	1.83	4.42	6.51	797	653	415	169	102	1.80	0.20
390	             Rocky Terrain	1.83	4.93	7.60	732	569	381	136	94	1.76	-0.32
391	                  Thresher	1.82	3.54	6.07	792	727	474	154	101	1.98	-1.39
392	              Bread Paddle	1.82	4.46	7.60	761	607	399	152	97	1.77	-1.31
393	              Thick Forest	1.81	5.14	6.97	783	601	366	153	99	1.78	2.12
394	             Animal Dealer	1.80	3.37	8.82	753	737	425	152	95	1.91	0.31
395	          Housebook Master	1.79	4.76	9.36	816	689	289	205	102	1.58	2.77
396	               Housemaster	1.79	4.77	13.23	767	686	248	177	96	1.55	4.74
397	                 Moonshine	1.79	5.60	8.12	760	494	332	133	95	1.69	0.78
398	             Cheese Fondue	1.78	5.22	10.20	756	621	398	149	94	1.86	0.56
399	              Stork's Nest	1.77	3.86	8.76	792	690	323	190	98	1.66	1.73
400	       Calcium Fertilizers	1.77	4.58	4.66	741	584	405	134	92	1.87	-0.25
401	            Final Scenario	1.77	4.67	7.65	744	628	475	133	92	1.95	-2.12
402	            Recycled Brick	1.77	5.28	10.92	752	577	301	160	93	1.65	1.24
403	        Firewood Collector	1.75	3.69	4.67	749	670	401	137	92	1.84	-1.26
404	               Fish Farmer	1.74	3.58	2.05	780	684	465	141	95	1.92	0.32
405	             Master Tanner	1.74	3.71	7.73	756	706	334	165	92	1.72	1.14
406	             Casual Worker	1.74	4.15	8.04	721	680	353	162	88	1.78	1.37
407	              Clay Puncher	1.74	4.22	2.76	747	632	422	137	91	1.87	-1.69
408	             Stable Master	1.74	4.58	7.71	747	672	408	166	91	1.84	-1.54
409	                Food Chest	1.74	5.09	7.64	757	581	402	132	92	1.77	-1.07
410	             Animal Feeder	1.73	3.04	4.93	759	708	464	150	92	1.96	-0.56
411	             Steam Machine	1.73	3.77	8.97	776	685	385	164	94	1.77	0.22
412	                Stone Cart	1.73	4.43	5.84	767	633	376	157	93	1.74	-0.14
413	                  Handcart	1.73	4.56	6.44	767	606	388	146	93	1.78	0.94
414	                    Pastor	1.73	4.92	7.08	750	620	298	166	91	1.57	1.36
415	           Seed Researcher	1.71	4.89	9.55	753	580	288	169	90	1.57	1.56
416	            Fodder Planter	1.71	4.92	11.70	833	712	319	195	100	1.65	2.14
417	            Hunting Trophy	1.71	5.04	11.49	769	634	351	144	92	1.72	1.36
418	           Comb and Cutter	1.70	3.63	5.08	748	586	400	128	89	1.77	0.06
419	              Spice Trader	1.70	4.19	3.14	775	640	396	136	92	1.73	0.02
420	                 Reed Belt	1.70	4.20	3.90	775	652	390	152	92	1.85	0.63
421	                 Grain Bag	1.70	4.54	9.38	783	637	409	135	93	1.80	0.30
422	             Acorns Basket	1.70	4.62	10.80	755	690	359	160	90	1.78	1.07
423	                    Manger	1.70	5.27	11.52	766	512	269	140	91	1.52	2.28
424	                  Cottager	1.69	3.20	4.59	760	717	439	150	90	1.76	-1.52
425	              Pumpernickel	1.69	5.36	8.83	805	580	363	148	95	1.61	-0.33
426	                     Canoe	1.68	3.18	5.36	756	704	543	119	89	2.17	-0.32
427	             Potter's Yard	1.68	4.46	11.26	806	691	356	164	95	1.58	-0.82
428	               Fishing Net	1.68	4.47	7.67	748	655	434	135	88	1.85	-0.71
429	               Spin Doctor	1.67	4.66	8.76	770	667	354	160	90	1.67	1.34
430	     Agricultural Labourer	1.67	5.06	6.80	751	614	284	179	88	1.52	1.91
431	                Consultant	1.67	5.13	11.65	802	718	317	178	94	1.55	1.49
432	               Bellfounder	1.66	4.32	5.27	783	613	307	161	91	1.54	1.39
433	          Livestock Feeder	1.66	4.82	8.66	801	719	359	158	93	1.65	0.32
434	             Shovel Bearer	1.65	3.70	3.21	746	693	466	142	86	1.95	-0.02
435	            Fodder Chamber	1.65	3.86	13.69	806	732	244	207	93	1.43	2.38
436	                 Godmother	1.65	4.34	6.39	764	671	371	155	88	1.72	0.00
437	                    Grange	1.65	4.52	13.76	754	607	222	175	87	1.49	5.20
438	             Second Spouse	1.65	4.75	11.72	769	661	330	160	89	1.69	1.36
439	                   Plumber	1.64	4.04	7.96	803	768	446	161	92	1.77	-1.49
440	          Mountain Plowman	1.64	4.44	8.11	820	737	388	169	94	1.67	0.04
441	               Hide Farmer	1.64	4.87	13.25	802	677	341	183	92	1.64	1.30
442	             Forest Trader	1.63	3.55	4.16	788	743	457	160	90	1.74	-2.59
443	                Bee Statue	1.63	3.66	6.20	790	589	425	124	90	1.73	-0.64
444	               Wooden Shed	1.63	4.08	5.65	788	479	268	153	90	1.48	2.30
445	        Renovation Company	1.62	3.79	4.23	766	564	348	134	87	1.65	0.52
446	            Field Merchant	1.62	4.58	5.46	778	687	373	161	88	1.63	-0.36
447	            Moral Crusader	1.62	4.62	3.47	778	531	281	157	88	1.50	2.09
448	          Large Greenhouse	1.60	3.73	5.41	768	658	384	127	86	1.65	-0.26
449	       Schnapps Distillery	1.60	4.61	11.85	784	629	295	158	88	1.48	2.07
450	                  Bohemian	1.60	4.71	5.06	741	612	287	170	83	1.45	1.15
451	             Pattern Maker	1.60	5.08	9.28	777	562	238	171	87	1.37	2.43
452	              Crack Weeder	1.60	5.34	8.09	743	563	390	123	83	1.73	-0.04
453	                  Scullery	1.59	4.12	4.17	771	579	397	123	86	1.70	-0.55
454	              Seed Servant	1.59	4.23	9.18	745	653	361	160	83	1.70	-0.59
455	             Autumn Mother	1.59	4.42	6.12	755	639	296	158	84	1.47	0.71
456	                New Market	1.59	5.27	9.71	774	624	371	138	86	1.71	0.77
457	                    Lodger	1.57	3.57	4.52	766	717	360	169	84	1.62	-0.25
458	            Hard Porcelain	1.57	4.44	8.51	771	704	417	153	85	1.71	-1.49
459	              Forest Owner	1.56	4.07	4.61	724	646	384	138	79	1.71	0.01
460	                     Elder	1.56	5.25	1.00	786	358	319	97	86	1.54	0.86
461	           Patch Caregiver	1.55	4.47	8.74	720	638	369	140	78	1.73	-1.25
462	             Bartering Hut	1.55	5.49	12.78	736	526	295	132	80	1.47	-0.53
463	            Milking Parlor	1.54	5.17	10.72	759	610	301	149	82	1.52	1.32
464	                     Lasso	1.53	4.15	9.57	749	663	429	119	80	1.77	-1.31
465	        Lieutenant General	1.53	4.78	8.32	792	701	318	164	85	1.51	1.69
466	            Lawn Fertilzer	1.53	5.16	8.06	739	572	419	113	79	1.80	-1.34
467	    Automatic Water Trough	1.53	5.39	10.37	823	626	359	151	88	1.58	-0.58
468	              Clay Carrier	1.52	4.68	6.41	694	602	310	143	74	1.68	0.42
469	                Garden Hoe	1.52	5.18	8.51	773	577	339	131	82	1.48	-0.04
470	                 Woodcraft	1.51	4.82	5.86	768	625	486	110	81	1.88	-1.19
471	              Skimmer Plow	1.50	4.29	9.04	734	483	362	104	77	1.67	1.08
472	              Clay Kneader	1.50	4.38	5.02	782	656	414	133	82	1.53	-2.73
473	                 Muck Rake	1.49	4.93	10.61	784	536	322	127	82	1.52	1.40
474	                Trout Pool	1.49	5.32	8.43	740	547	303	124	77	1.50	1.53
475	                  Layabout	1.48	4.74	9.33	789	705	363	164	82	1.61	0.77
476	             Herbal Garden	1.48	5.51	13.05	723	516	236	135	75	1.39	1.63
477	            Hoof Caregiver	1.47	5.46	11.93	766	523	229	148	79	1.30	1.83
478	            Clay Plasterer	1.46	4.33	7.43	781	696	368	135	80	1.51	-0.11
479	              Market Crier	1.46	4.38	7.00	736	589	373	122	75	1.60	-1.26
480	              Feeding Dish	1.46	4.80	8.16	792	583	390	133	81	1.59	-1.51
481	      Renovation Materials	1.46	5.04	10.54	712	553	267	144	73	1.32	-0.66
482	                 Bed Maker	1.45	3.30	5.32	701	659	356	136	71	1.57	-2.03
483	              Baking Sheet	1.45	5.24	6.38	768	503	335	108	78	1.51	0.54
484	                Hook Knife	1.45	5.45	10.22	777	557	277	140	79	1.37	0.91
485	                 Wood Pile	1.45	5.56	10.72	747	527	269	131	76	1.41	1.74
486	             Kelp Gatherer	1.44	3.67	4.07	765	717	386	163	77	1.54	-1.20
487	          Field Cultivator	1.44	4.79	9.13	773	666	275	162	78	1.38	1.69
488	               Studio Boat	1.43	4.53	6.40	707	426	256	107	71	1.30	0.74
489	               Field Spade	1.43	5.15	7.96	758	589	308	134	76	1.34	-1.34
490	              Pottery Yard	1.43	5.17	11.44	748	512	237	145	75	1.41	3.68
491	                Lumberjack	1.42	5.12	8.12	726	567	274	135	72	1.44	0.50
492	                 Puppeteer	1.41	4.56	3.17	730	573	283	147	72	1.42	0.32
493	                Changeover	1.41	5.49	8.50	760	461	327	107	75	1.43	-0.94
494	               Greengrocer	1.40	3.53	6.48	733	672	441	124	72	1.67	-2.28
495	                 Ropemaker	1.39	4.68	5.04	750	627	338	138	73	1.56	0.46
496	              Entrepreneur	1.38	4.65	3.63	785	558	264	145	76	1.29	0.05
497	        Schnapps Distiller	1.38	4.71	7.98	756	616	269	145	73	1.35	1.40
498	              Brick Hammer	1.38	4.91	5.31	817	593	394	122	79	1.53	-1.89
499	                 Pub Owner	1.38	5.08	6.51	826	578	281	154	80	1.31	0.27
500	   Eternal Rye Cultivation	1.38	5.17	10.40	768	605	299	136	74	1.40	1.23
501	           Hill Cultivator	1.37	4.56	5.17	750	571	304	125	72	1.32	-0.29
502	                  Smuggler	1.36	4.92	8.01	789	629	296	142	75	1.32	-0.37
503	             Animal Driver	1.36	5.41	11.15	822	578	234	160	78	1.27	3.29
504	            Stone Clearing	1.36	5.44	9.89	746	519	243	131	71	1.25	1.71
505	                     Baker	1.35	4.16	10.30	775	683	303	151	73	1.39	0.33
506	            Drift-Net Boat	1.35	4.29	7.77	753	632	389	121	71	1.59	-1.30
507	            Soil Scientist	1.35	4.59	7.18	802	641	306	142	76	1.41	0.06
508	          Forestry Studies	1.35	4.81	3.87	795	462	288	119	75	1.26	-0.41
509	                  Heirloom	1.34	5.10	10.73	736	451	228	109	69	1.22	2.44
510	             Farm Building	1.34	5.16	7.82	799	555	303	127	75	1.28	-0.50
511	              Market Stall	1.34	5.53	10.37	800	535	287	137	75	1.34	1.22
512	           Party Organizer	1.33	5.33	11.62	707	583	230	155	66	1.30	1.63
513	             Lantern House	1.32	3.96	1.83	745	502	352	97	69	1.49	-1.57
514	                Corn Scoop	1.32	3.99	6.48	778	639	486	101	72	1.60	-3.57
515	                Clay Firer	1.32	4.76	8.14	770	678	302	155	71	1.34	-1.33
516	            Asparagus Gift	1.32	5.39	8.54	782	498	299	114	72	1.34	-0.26
517	                   Furrows	1.32	5.48	9.93	788	556	353	130	73	1.46	-0.78
518	     Journeyman Bricklayer	1.31	5.12	8.63	700	589	265	142	64	1.40	0.48
519	      Fire Protection Pond	1.31	5.36	5.14	728	505	308	112	67	1.41	-0.33
520	               Roastmaster	1.30	4.21	7.74	734	631	308	125	67	1.41	0.07
521	             Dwelling Plan	1.29	4.82	10.72	800	693	296	168	72	1.30	-0.31
522	               Stone Tongs	1.29	5.26	7.87	799	592	314	129	72	1.29	-0.69
523	       German Heath Keeper	1.28	4.76	9.81	783	709	320	158	70	1.35	0.06
524	          Vegetable Slicer	1.28	4.86	7.28	756	539	329	125	68	1.44	-0.75
525	            Clearing Spade	1.28	5.11	8.59	727	569	311	116	65	1.30	-2.55
526	                  Lutenist	1.27	4.44	4.20	813	680	347	144	72	1.38	-0.11
527	                Manservant	1.27	4.69	8.39	785	560	219	155	70	1.18	3.23
528	              Oyster Eater	1.27	4.81	5.05	744	556	216	139	66	1.20	1.27
529	       Shifting Cultivator	1.27	4.85	9.44	785	622	279	145	70	1.31	0.95
530	              Straw Manure	1.27	5.59	11.26	720	444	242	113	64	1.17	-0.83
531	               Tree Cutter	1.26	4.26	4.23	768	647	374	121	68	1.53	-0.63
532	        Fisherman's Friend	1.26	4.80	5.16	782	620	248	149	69	1.19	1.06
533	               Herring Pot	1.25	4.47	6.08	797	560	359	115	70	1.36	-1.08
534	        Domestician Expert	1.25	4.60	6.89	767	699	323	144	67	1.41	0.02
535	               Grain Sieve	1.25	5.37	8.68	777	540	283	119	68	1.25	-0.26
536	                Game Trade	1.25	5.40	12.35	753	540	244	139	66	1.29	3.54
537	          District Manager	1.24	4.87	4.63	749	504	217	138	65	1.08	0.54
538	             Tax Collector	1.24	4.98	9.33	773	571	206	153	67	1.08	1.99
539	           Asparagus Knife	1.24	5.02	8.18	746	493	222	130	65	1.16	1.54
540	         Resource Recycler	1.24	5.22	11.44	747	563	234	144	65	1.17	-0.08
541	               Braid Maker	1.23	4.64	6.47	758	660	277	137	65	1.26	-0.15
542	             Master Fencer	1.23	4.79	10.24	734	599	242	138	63	1.23	-0.35
543	               Lazy Sowman	1.23	4.83	10.80	764	633	272	159	66	1.22	-1.63
544	          Stable Architect	1.23	5.27	13.22	780	550	242	134	67	1.24	2.40
545	                   Swagman	1.22	3.71	4.89	747	657	387	134	64	1.47	-2.38
546	             Roof Examiner	1.21	5.34	11.33	744	580	204	146	63	1.13	1.85
547	                Churchyard	1.21	5.44	11.43	782	617	208	156	66	1.13	2.93
548	          Gardener's Knife	1.21	5.73	12.38	729	478	205	111	62	1.10	1.24
549	               Stone Buyer	1.20	5.18	8.42	750	595	207	160	63	1.09	0.47
550	                     Sower	1.20	5.39	6.35	775	588	216	160	65	1.07	0.24
551	             Brewing Water	1.18	4.98	6.30	725	395	267	79	60	1.24	0.40
552	               Home Brewer	1.17	5.12	8.68	759	581	220	148	62	1.20	2.90
553	              Civic Facade	1.17	5.70	7.86	779	389	250	95	64	1.16	0.53
554	            Potato Planter	1.15	4.52	5.14	782	628	276	155	63	1.20	1.03
555	            Chief Forester	1.15	4.70	7.39	734	621	263	122	59	1.23	0.48
556	                 Mandoline	1.15	5.06	8.32	757	446	197	112	61	1.02	1.35
557	       Young Animal Market	1.15	5.67	11.27	771	459	243	110	62	1.16	0.80
558	              Sheep Keeper	1.14	5.00	12.52	699	628	190	146	56	1.12	0.55
559	                Millwright	1.14	5.14	9.09	739	580	260	127	59	1.21	-0.62
560	                Beer Stein	1.14	5.36	9.05	724	411	186	111	58	1.03	2.31
561	           Tinsmith Master	1.13	5.09	10.08	785	641	238	158	62	1.12	0.68
562	          Emergency Seller	1.13	5.13	11.33	781	647	260	171	62	1.15	-0.80
563	                  Tea Time	1.13	5.47	11.00	744	538	212	136	59	1.11	1.27
564	                  Margrave	1.13	5.64	12.59	772	567	172	131	61	1.00	3.73
565	                    Rustic	1.12	5.03	7.18	792	487	185	134	62	0.96	2.01
566	           Farmyard Manure	1.11	5.06	8.49	759	466	271	101	59	1.16	-0.18
567	                    Miller	1.10	4.84	7.47	805	675	232	174	62	1.08	-0.26
568	                    Reader	1.10	5.06	10.55	714	588	183	149	55	1.04	2.11
569	                   Parvenu	1.09	5.01	6.00	736	556	210	144	56	1.06	1.22
570	                   Tasting	1.08	4.83	7.82	742	498	245	112	56	1.11	0.27
571	                   Toolbox	1.07	5.07	6.80	750	484	221	119	56	1.02	-0.34
572	                 Old Miser	1.06	4.86	4.06	779	419	200	102	58	0.97	0.18
573	              Green Grocer	1.06	5.23	9.13	742	590	191	156	55	1.00	1.51
574	            Wood Harvester	1.06	5.61	6.38	781	456	166	114	58	0.89	3.40
575	            Huntsman's Hat	1.06	5.65	10.62	753	486	193	124	56	0.99	1.33
576	                   Recount	1.06	5.92	9.60	769	468	272	109	57	1.13	-2.11
577	                Forest Inn	1.05	3.96	4.90	710	557	278	120	52	1.19	-1.45
578	                    Salter	1.05	4.73	4.25	764	527	207	143	56	1.01	0.72
579	            Petrified Wood	1.04	5.55	9.88	727	512	183	138	53	1.03	2.19
580	               Pen Builder	1.02	4.73	6.31	725	558	204	117	52	0.99	-0.56
581	                Woolgrower	1.02	5.60	9.34	714	555	179	128	51	0.98	1.72
582	                Stablehand	1.01	5.41	8.77	793	509	204	119	56	0.99	2.53
583	          Uncaring Parents	1.00	5.40	10.72	756	521	171	140	53	0.92	0.84
584	             Milking Place	1.00	5.59	9.51	768	454	223	106	54	1.03	0.36
585	           Drinking Trough	1.00	5.62	9.81	757	472	220	103	53	1.01	-0.35
586	             Potato Ridger	0.99	5.01	9.48	764	513	235	114	53	1.00	-1.38
587	             Hollow Warden	0.97	4.68	4.21	806	678	290	133	55	1.15	-0.89
588	             Forest School	0.97	5.01	8.20	793	561	304	102	54	1.07	-2.10
589	                  Blighter	0.96	5.22	8.81	773	526	167	124	52	0.92	3.52
590	               Petting Zoo	0.96	5.23	8.99	774	530	282	90	52	1.09	-1.30
591	               Rock Beater	0.95	3.70	2.35	704	607	372	106	47	1.17	-4.95
592	                    Angler	0.95	4.79	4.12	765	512	232	114	51	0.97	-0.88
593	           Stone Custodian	0.95	5.25	7.94	778	606	235	125	52	0.99	-0.03
594	                  Emissary	0.95	5.36	10.02	735	568	172	140	49	0.92	0.28
595	          Nutrition Expert	0.95	5.40	10.39	783	554	145	136	52	0.79	2.47
596	                  Iron Hoe	0.94	5.25	8.83	731	401	268	76	48	1.12	-1.07
597	            Pasture Master	0.94	5.66	11.67	775	465	121	143	51	0.75	5.00
598	           Forest Guardian	0.93	5.29	6.51	756	560	228	125	49	0.93	-1.95
599	               Stable Yard	0.93	5.64	12.72	750	448	107	114	49	0.71	3.58
600	               Flax Farmer	0.92	4.11	3.93	805	692	382	104	52	1.15	-4.89
601	                  Pigswill	0.92	5.06	9.31	760	539	303	106	49	1.09	-2.16
602	               Sheep Agent	0.92	5.15	7.10	791	658	267	151	51	1.07	-1.45
603	                  Feedyard	0.92	5.42	11.34	765	550	204	114	49	0.97	0.92
604	               Misanthropy	0.92	5.62	11.30	747	395	202	91	48	0.99	2.02
605	                Transactor	0.92	5.75	13.12	776	527	151	150	50	0.79	1.56
606	                 Pitchfork	0.91	4.52	7.17	818	582	411	86	52	1.22	-3.44
607	                 Freemason	0.91	4.84	4.56	734	413	169	95	47	0.83	-0.67
608	              Stone Carver	0.91	5.00	6.44	753	570	247	130	48	1.05	-0.43
609	                     Groom	0.91	5.36	10.07	819	554	184	138	52	0.83	0.76
610	               Ale-Benches	0.90	4.69	9.70	743	516	243	99	47	0.96	-1.70
611	      Timber Shingle Maker	0.90	5.42	12.54	766	559	110	151	48	0.75	5.73
612	               Pig Breeder	0.90	5.48	11.69	743	594	212	143	47	0.98	-0.67
613	          Plant Fertilizer	0.90	5.98	12.72	764	445	153	116	48	0.85	3.84
614	                 Geologist	0.89	4.70	3.41	735	560	254	103	46	0.96	-1.71
615	           Lumber Virtuoso	0.89	5.36	5.46	821	502	162	136	51	0.79	0.54
616	                   Gritter	0.89	5.52	8.88	739	421	213	100	46	0.93	-0.78
617	        Beer Tent Operator	0.88	5.63	9.23	800	551	177	139	49	0.82	1.38
618	                  Sculptor	0.87	5.00	5.76	742	527	222	96	45	0.94	-0.92
619	              Pellet Press	0.87	5.07	6.33	752	404	189	104	46	0.84	-0.52
620	             Gypsy's Crock	0.87	5.86	10.11	743	447	210	86	45	0.93	-0.65
621	              Storage Barn	0.87	6.14	11.04	770	353	156	99	47	0.78	0.70
622	                   Cowherd	0.86	5.23	10.64	777	608	194	131	47	0.86	-0.68
623	            Potters Market	0.86	5.30	9.20	762	523	256	97	46	1.04	-1.18
624	             Land Surveyor	0.86	5.45	8.63	747	495	171	118	45	0.86	1.05
625	               Mantlepiece	0.85	4.30	6.10	786	481	211	106	47	0.88	-1.57
626	                 Whale Oil	0.85	4.40	3.62	742	520	322	85	44	1.12	-3.53
627	          Truffle Searcher	0.84	5.47	9.70	765	594	192	148	45	0.86	-0.92
628	              Case Builder	0.81	5.69	11.60	727	524	167	119	41	0.86	1.26
629	           Oven Firing Boy	0.80	4.58	8.81	747	564	149	131	42	0.76	1.07
630	                  Seatmate	0.80	5.31	12.35	783	654	223	139	44	0.94	-1.37
631	       Renovation Preparer	0.80	5.70	6.61	735	419	119	102	41	0.69	2.46
632	                   Almsbag	0.78	4.82	5.99	773	281	146	71	42	0.78	0.40
633	                  Outrider	0.78	5.40	6.03	789	458	160	112	43	0.73	-0.82
634	           Clay Embankment	0.78	5.84	9.66	787	480	223	91	43	0.92	-1.29
635	               Cube Cutter	0.78	5.94	9.79	802	434	127	107	44	0.68	3.06
636	             Cattle Feeder	0.77	4.52	8.08	796	653	317	114	43	0.95	-3.81
637	               Grain Thief	0.77	5.27	10.31	775	561	201	119	42	0.84	-0.73
638	                   Soldier	0.77	5.55	13.46	761	596	136	145	41	0.75	3.57
639	           Building Expert	0.75	4.90	3.88	744	504	221	99	39	0.77	-3.35
640	        Storehouse Steward	0.75	5.03	4.41	767	473	200	87	40	0.77	-1.60
641	             Digging Spade	0.75	5.52	9.24	805	475	212	100	42	0.80	-0.14
642	              Blade Shears	0.75	5.84	11.28	782	455	188	85	41	0.82	0.28
643	        Mushroom Collector	0.74	4.76	3.60	751	511	247	93	39	0.95	-1.61
644	              Mineralogist	0.74	4.99	4.37	770	567	249	102	40	0.85	-3.33
645	                   Recluse	0.74	5.00	1.50	716	236	135	64	37	0.74	2.79
646	              Early Cattle	0.74	5.13	8.79	730	365	174	83	38	0.81	-0.26
647	 Animal Tamer's Apprentice	0.74	5.45	7.58	773	437	125	111	40	0.64	0.67
648	          Livestock Expert	0.73	5.39	10.49	765	574	175	128	39	0.80	-1.63
649	                   Prodigy	0.72	4.29	11.44	759	271	120	72	38	0.66	1.29
650	             Stable Manure	0.72	5.50	3.74	377	138	74	33	19	0.68	0.96
651	               Barley Mill	0.72	5.67	10.07	778	375	142	82	39	0.70	2.22
652	                Field Clay	0.72	5.97	11.72	778	426	145	95	39	0.72	1.64
653	              Usufructuary	0.70	4.87	5.39	759	322	172	72	37	0.72	-3.01
654	        Earthenware Potter	0.70	5.16	3.27	737	439	197	85	36	0.78	-1.97
655	        Outskirts Director	0.69	4.38	4.43	749	608	260	113	36	0.90	-2.96
656	         Henpecked Husband	0.69	5.50	5.50	767	394	141	108	37	0.60	-1.00
657	           Patch Caretaker	0.68	5.15	7.18	773	535	188	113	37	0.76	-1.89
658	          Luxurious Hostel	0.68	5.28	12.19	822	381	122	98	39	0.60	1.58
659	           Interim Storage	0.68	5.35	4.38	738	350	164	76	35	0.68	-1.01
660	                   Trimmer	0.68	5.76	8.18	796	449	120	109	38	0.59	1.13
661	                      Corf	0.68	5.79	8.68	739	430	196	84	35	0.76	-2.24
662	              Clay Deposit	0.67	5.22	7.17	742	442	177	95	35	0.75	-0.76
663	            Master Workman	0.67	5.56	6.44	750	504	147	119	35	0.71	0.32
664	                Pet Grower	0.66	5.35	9.23	761	536	154	111	35	0.69	-0.99
665	                   Knapper	0.66	5.43	7.34	760	524	161	143	35	0.72	-0.52
666	              Pure Breeder	0.66	5.54	8.16	777	499	139	110	36	0.68	0.66
667	             Game Provider	0.66	5.95	12.55	781	366	86	92	36	0.54	4.66
668	          Wholesale Market	0.65	5.50	10.53	746	399	111	100	34	0.61	2.72
669	                     Brook	0.64	4.83	5.72	733	506	231	89	33	0.81	-2.37
670	             Beaver Colony	0.64	5.66	11.88	738	389	101	104	33	0.57	1.29
671	                  Ox Skull	0.64	6.04	12.82	755	293	123	74	34	0.64	3.38
672	              Stall Holder	0.62	5.56	9.92	743	398	86	105	32	0.51	2.94
673	           Sowing Director	0.61	5.67	10.84	769	530	122	131	33	0.60	2.58
674	          Packaging Artist	0.60	5.40	9.05	762	556	207	120	32	0.76	-3.33
675	  Agricultural Fertilizers	0.60	5.93	11.28	739	365	158	88	31	0.73	0.23
676	      Future Building Site	0.59	5.26	3.31	757	178	89	44	31	0.50	3.64
677	               Rolling Pin	0.59	5.63	7.18	771	350	176	72	32	0.69	-0.06
678	          Carpenter's Yard	0.59	5.74	9.58	723	408	146	96	30	0.60	-2.47
679	                   Loppers	0.59	5.78	9.31	751	280	124	66	31	0.56	-1.54
680	            Bargain Hunter	0.58	5.35	5.14	788	488	164	94	32	0.61	-2.64
681	              Cattle Buyer	0.58	5.91	10.59	786	533	158	112	32	0.64	0.41
682	    Craftsmanship Promoter	0.57	5.21	7.01	747	581	161	135	30	0.65	-2.12
683	                 Pan Baker	0.57	5.44	7.24	750	455	110	93	30	0.53	-0.28
684	                       Cob	0.57	5.72	8.62	728	286	127	61	29	0.53	-1.62
685	             Frame Builder	0.56	5.03	8.22	767	573	188	130	30	0.66	-2.35
686	          Cattle Whisperer	0.56	5.54	4.72	771	413	138	94	30	0.59	-0.77
687	           Sheep Whisperer	0.56	5.57	3.80	772	376	139	70	30	0.64	1.07
688	             Food Merchant	0.55	5.85	11.80	748	358	82	97	29	0.49	3.20
689	  Inner Districts Director	0.54	5.08	7.54	797	563	168	115	30	0.64	-1.31
690	           Building Tycoon	0.54	5.26	4.85	790	526	137	111	30	0.58	0.34
691	                    Basket	0.54	5.51	6.44	773	257	120	57	29	0.49	-2.44
692	             Sowing Master	0.54	5.81	8.29	746	421	119	99	28	0.53	-0.68
693	                    Silage	0.54	5.93	10.82	370	121	44	25	14	0.46	0.15
694	               Abort Oriel	0.53	5.24	3.85	734	384	164	69	27	0.63	-0.87
695	  Corn Schnapps Distillery	0.53	5.35	8.10	830	448	161	86	31	0.58	-2.04
696	                    Butler	0.53	5.58	10.50	754	342	100	81	28	0.49	0.13
697	            Cookery Lesson	0.51	5.75	7.84	779	308	118	74	28	0.56	0.77
698	            Stone Importer	0.51	6.03	7.81	733	359	75	98	26	0.41	1.13
699	           Ravenous Hunger	0.50	5.57	10.00	711	304	117	67	25	0.51	-0.66
700	              Wall Builder	0.49	5.84	4.82	762	238	84	65	26	0.46	4.94
701	      Material Deliveryman	0.48	5.51	5.48	750	502	133	121	25	0.56	-0.25
702	         Pioneering Spirit	0.48	5.76	7.12	766	266	152	54	26	0.57	-2.18
703	                 Motivator	0.47	5.70	10.01	761	394	73	98	25	0.43	4.20
704	              Godly Spouse	0.46	5.99	8.46	752	323	70	96	24	0.38	0.92
705	                 Trellises	0.45	5.88	9.05	759	312	109	70	24	0.49	0.73
706	            Brotherly Love	0.44	5.93	9.82	755	294	132	61	23	0.48	-3.46
707	         Joiner of the Sea	0.43	5.50	3.75	769	406	127	82	23	0.48	-1.77
708	            Parrot Breeder	0.43	5.84	10.22	765	416	90	104	23	0.43	0.24
709	           Facades Carving	0.43	6.16	12.33	771	270	60	67	23	0.35	2.87
710	                  Wood Saw	0.42	5.25	8.12	754	454	147	97	22	0.54	-3.10
711	          Grassland Harrow	0.42	5.58	7.48	815	403	137	78	24	0.50	-0.98
712	               Garden Claw	0.41	5.79	9.18	773	350	101	81	22	0.49	2.46
713	                Silokeeper	0.41	5.83	8.57	764	389	105	89	22	0.50	0.50
714	           Slurry Spreader	0.41	5.84	10.08	761	424	89	88	22	0.43	0.95
715	       Elephantgrass Plant	0.41	5.94	9.17	346	102	29	21	10	0.35	2.74
716	                  Minstrel	0.41	6.09	9.03	317	113	29	28	9	0.35	1.76
717	                 Stagehand	0.40	5.58	6.67	822	488	95	102	23	0.40	-0.34
718	             Stable Milker	0.39	5.91	9.17	729	301	84	76	20	0.40	0.73
719	            Dwelling Mound	0.38	5.08	2.25	789	222	122	50	21	0.50	1.38
720	             Turnip Farmer	0.37	5.53	8.44	766	473	105	87	20	0.43	-0.92
721	         Riverine Shepherd	0.36	5.38	6.10	756	473	109	95	19	0.38	-2.32
722	          Master Renovator	0.36	5.44	6.33	761	417	94	92	19	0.40	0.11
723	       Furniture Carpenter	0.36	5.94	11.85	319	110	26	27	8	0.34	4.53
724	             Wool Blankets	0.36	5.95	12.98	758	292	65	76	19	0.39	2.63
725	               Wood Worker	0.35	5.72	8.00	685	405	95	77	17	0.37	-2.54
726	         Cookery Outfitter	0.35	6.23	13.64	818	361	73	90	20	0.35	1.81
727	           Social Benefits	0.33	5.57	3.57	812	233	81	43	19	0.32	-1.76
728	                Mill Wheel	0.33	6.07	9.97	775	322	112	65	18	0.38	-2.20
729	                  Merchant	0.33	6.07	6.96	777	416	102	79	18	0.36	-3.08
730	           Lifting Machine	0.31	5.56	10.21	325	95	19	20	7	0.26	5.80
731	                  Telegram	0.31	5.85	11.32	694	282	75	64	15	0.39	0.46
732	            Dutch Windmill	0.31	5.86	11.45	792	378	84	73	17	0.34	0.70
733	                 Visionary	0.30	5.46	3.79	761	276	98	75	16	0.39	-2.68
734	               Illusionist	0.30	5.62	6.49	757	288	88	60	16	0.38	1.86
735	               Wealthy Man	0.30	5.78	5.87	760	261	53	60	16	0.26	0.06
736	               Pig Stalker	0.30	6.13	9.27	331	87	15	25	7	0.23	4.23
737	                 Sculpture	0.29	6.06	11.82	746	409	51	91	15	0.30	3.81
738	       Reed Roof Renovator	0.29	6.15	9.35	738	352	74	87	15	0.35	0.57
739	           Culinary Artist	0.28	5.71	6.49	818	369	78	83	16	0.27	-1.86
740	              Full Peasant	0.28	6.03	9.93	763	372	80	71	15	0.34	0.60
741	             Canal Boatman	0.27	5.44	7.83	739	334	98	52	14	0.28	-4.91
742	                Claw Knife	0.26	5.69	9.24	774	413	119	68	14	0.41	-1.90
743	               Mummy's Boy	0.26	6.24	10.00	765	234	37	57	14	0.19	2.69
744	              Small Trader	0.25	5.73	4.77	790	373	118	74	14	0.36	-4.02
745	               Cattle Farm	0.25	5.82	9.45	343	133	51	21	6	0.37	-3.99
746	            Heart of Stone	0.24	5.39	6.79	760	324	75	75	13	0.26	-5.57
747	        Large-Scale Farmer	0.24	5.92	6.76	780	342	55	76	13	0.21	-2.83
748	          Forest Scientist	0.24	5.96	5.83	359	120	24	32	6	0.24	-0.19
749	                 Clutterer	0.23	5.54	3.04	793	184	83	28	13	0.30	-1.19
750	                 Oven Site	0.23	5.66	9.83	377	108	18	22	6	0.22	6.92
751	         Blackberry Farmer	0.21	5.61	5.83	335	110	29	21	5	0.32	1.63
752	              Bean Counter	0.21	5.80	5.58	754	242	60	52	11	0.24	-0.01
753	          Riparian Builder	0.20	5.74	6.14	782	405	73	77	11	0.23	-2.67
754	        Interior Decorator	0.19	6.10	5.98	756	274	65	58	10	0.25	-1.35
755	           Twin Researcher	0.18	6.38	8.92	326	86	13	18	4	0.13	-7.44
756	               Sugar Baker	0.17	6.01	9.56	331	106	9	27	4	0.13	3.28
757	           Forest Tallyman	0.15	5.59	6.57	774	330	75	55	8	0.22	-3.68
758	      Small Animal Breeder	0.15	6.03	2.62	762	149	47	31	8	0.17	-0.64
759	           Hardworking Man	0.13	5.80	6.98	748	290	54	46	7	0.17	-5.12
760	              Sequestrator	0.12	6.35	9.27	350	83	11	19	3	0.12	1.09
761	               Roughcaster	0.09	5.85	7.82	755	220	40	49	5	0.14	-3.47
762	                 Paymaster	0.09	6.19	9.67	302	63	6	20	2	0.08	1.48
763	         Forest Campaigner	0.09	6.27	6.60	332	70	15	8	2	0.14	-0.01
764	                   Catcher	0.09	6.40	10.20	319	40	5	3	2	0.07	1.80
765	         Resource Analyzer	0.09	6.44	7.60	326	54	5	7	2	0.06	-0.07
766	                  Huntsman	0.08	5.97	8.71	354	105	7	22	2	0.05	-6.35
767	                   Curator	0.08	6.21	10.73	342	96	15	18	2	0.10	-4.51
768	        Cooperative Plower	0.07	5.82	5.07	782	337	68	49	4	0.15	-6.64
769	            Tree Inspector	0.04	5.72	4.80	355	95	30	13	1	0.11	-8.80
770	              Growing Farm	0.00	5.93	7.73	715	139	15	30	0	0.04	-6.09
771	             Breeder Buyer	0.00	6.05	2.00	324	44	1	8	0	0.00	-13.30
772	             Perennial Rye	0.00	6.06	10.12	350	66	8	16	0	0.06	-0.41
773	                 Loudmouth	0.00	6.25	7.50	323	61	12	9	0	0.05	-7.50
